district,okrug,population,income_index,avg_salary,core_coffee,core_beauty,core_pickup,Кофейня,Салон красоты,ПВЗ,total
Академический,ЮЗАО,114228,1.08,89370,27871.631999999998,25244.388,74476.656,30101,27264,68960,126325
Алексеевский,СВАО,77681,0.95,78612,18954.164,17167.501,50648.012,18006,16309,53314,87629
Алтуфьевский,СВАО,55741,0.95,78612,13600.804,12318.761,36343.132,12921,11703,38256,62880
Арбат,ЦАО,36246,1.35,111713,8844.024,8010.366,23632.392,11939,10814,17505,40258
Аэропорт,САО,81833,1.05,86888,19967.252,18085.093,53355.116,20966,18989,50814,90769
Бабушкинский,СВАО,88627,0.95,78612,21624.988,19586.567,57784.804000000004,20544,18607,60826,99977
Басманный,ЦАО,111289,1.35,111713,27154.516,24594.869,72560.428,36659,33203,53748,123610
Беговой,САО,43190,1.05,86888,10538.36,9544.99,28159.88,11065,10022,26819,47906
Бескудниковский,САО,79896,1.05,86888,19494.624,17657.016,52092.192,20469,18540,49612,88621
Бибирево,СВАО,158797,0.95,78612,38746.468,35094.137,103535.644,36809,33339,108985,179133
Бирюлёво Восточное,ЮАО,156160,0.88,72820,38103.04,34511.36,101816.32,33531,30370,115700,179601
Бирюлёво Западное,ЮАО,85308,0.88,72820,20815.152,18853.068,55620.816,18317,16591,63205,98113
Богородское,ВАО,107571,0.9,74475,26247.324,23773.191,70136.292,23623,21396,77929,122948
Братеево,ЮАО,101271,0.88,72820,24710.124,22380.891,66028.692,21745,19695,75033,116473
Бутырский,СВАО,71703,0.95,78612,17495.532,15846.363,46750.356,16621,15054,49211,80886
Вешняки,ВАО,119585,0.9,74475,29178.739999999998,26428.285,77969.42,26261,23785,86633,136679
Войковский,САО,72173,1.05,86888,17610.212,15950.233,47056.796,18491,16748,44816,80055
Восточное Дегунино,САО,101167,1.05,86888,24684.748,22357.907,65960.884,25919,23476,62820,112215
Восточное Измайлово,ВАО,73857,0.9,74475,18021.108,16322.397,48154.764,16219,14690,53505,84414
Восточный,ВАО,12454,0.9,74475,3038.776,2752.334,8120.008000000001,2735,2477,9022,14234
Выхино-Жулебино,ЮВАО,241326,0.85,70338,58883.544,53333.046,157344.552,50051,45333,185111,280495
Гагаринский,ЮЗАО,80493,1.08,89370,19640.292,17788.953,52481.436,21212,19212,48594,89018
Головинский,САО,106612,1.05,86888,26013.327999999998,23561.252,69511.024,27314,24739,66201,118254
Гольяново,ВАО,164715,0.9,74475,40190.46,36402.015,107394.18000000001,36171,32762,119327,188260
Даниловский,ЮАО,104272,0.88,72820,25442.368,23044.112,67985.344,22389,20279,77256,119924
Дмитровский,САО,103496,1.05,86888,25253.024,22872.616,67479.392,26516,24016,64266,114798
Донской,ЮАО,51291,0.88,72820,12515.003999999999,11335.311,33441.732,11013,9975,38002,58990
Дорогомилово,ЗАО,75669,1.2,99300,18463.236,16722.849,49336.188,22156,20067,41113,83336
Замоскворечье,ЦАО,55293,1.35,111713,13491.492,12219.753,36051.036,18214,16497,26704,61415
Западное Дегунино,САО,84743,1.05,86888,20677.292,18728.203,55252.436,21711,19665,52621,93997
Зюзино,ЮЗАО,123288,1.08,89370,30082.272,27246.648,80383.776,32489,29426,74429,136344
Зябликово,ЮАО,133658,0.88,72820,32612.552,29538.418,87145.016,28699,25994,99028,153721
Ивановское,ВАО,125062,0.9,74475,30515.128,27638.702,81540.424,27464,24875,90600,142939
Измайлово,ВАО,108666,0.9,74475,26514.504,24015.186,70850.232,23863,21614,78722,124199
Капотня,ЮВАО,32161,0.85,70338,7847.284,7107.581,20968.972,6670,6041,24669,37380
Коньково,ЮЗАО,152544,1.08,89370,37220.736,33712.224,99458.68800000001,40198,36409,92091,168698
Коптево,САО,103676,1.05,86888,25296.944,22912.396,67596.75200000001,26562,24058,64378,114998
Косино-Ухтомский,ВАО,89438,0.9,74475,21822.872,19765.798,58313.576,19641,17789,64793,102223
Котловка,ЮЗАО,65708,1.08,89370,16032.752,14521.468,42841.616,17315,15683,39668,72666
Красносельский,ЦАО,45851,1.35,111713,11187.644,10133.071,29894.852000000003,15103,13680,22144,50927
Крылатское,ЗАО,82363,1.2,99300,20096.572,18202.223,53700.676,24116,21843,44751,90710
Кузьминки,ЮВАО,139880,0.85,70338,34130.72,30913.48,91201.76000000001,29011,26276,107296,162583
Кунцево,ЗАО,151447,1.2,99300,36953.068,33469.787000000004,98743.444,44344,40164,82286,166794
Куркино,СЗАО,33298,1.1,91025,8124.7119999999995,7358.858,21710.296000000002,8937,8095,19737,36769
Левобережный,САО,55420,1.05,86888,13522.48,12247.82,36133.840000000004,14199,12860,34413,61472
Лефортово,ЮВАО,109711,0.85,70338,26769.484,24246.131,71531.572,22754,20609,84155,127518
Лианозово,СВАО,84105,0.95,78612,20521.62,18587.205,54836.46,19496,17658,57723,94877
Ломоносовский,ЮЗАО,87044,1.08,89370,21238.736,19236.724000000002,56752.688,22938,20776,52549,96263
Лосиноостровский,СВАО,83136,0.95,78612,20285.184,18373.056,54204.672,19271,17454,57058,93783
Люблино,ЮВАО,184071,0.85,70338,44913.324,40679.691,120014.292,38176,34578,141193,213947
Марфино,СВАО,36742,0.95,78612,8965.048,8119.982,23955.784,8517,7714,25217,41448
Марьина Роща,СВАО,62191,0.95,78612,15174.604,13744.211,40548.532,14416,13057,42683,70156
Марьино,ЮВАО,272278,0.85,70338,66435.832,60173.438,177525.256,56470,51147,208853,316470
Метрогородок,ВАО,40122,0.9,74475,9789.768,8866.962,26159.544,8811,7980,29066,45857
Мещанский,ЦАО,55635,1.35,111713,13574.94,12295.335000000001,36274.020000000004,18326,16599,26870,61795
Митино,СЗАО,198194,1.1,91025,48359.335999999996,43800.874,129222.488,53195,48181,117475,218851
Можайский,ЗАО,145961,1.2,99300,35614.484,32257.381,95166.572,42737,38709,79305,160751
Молжаниновский,САО,13337,1.05,86888,3254.228,2947.477,8695.724,3417,3095,8282,14794
Москворечье-Сабурово,ЮАО,86969,0.88,72820,21220.435999999998,19220.149,56703.788,18674,16914,64436,100024
Нагатино-Садовники,ЮАО,83390,0.88,72820,20347.16,18429.19,54370.28,17906,16218,61784,95908
Нагатинский Затон,ЮАО,120779,0.88,72820,29470.076,26692.159,78747.908,25934,23489,89486,138909
Нагорный,ЮАО,77073,0.88,72820,18805.811999999998,17033.133,50251.596000000005,16549,14989,57104,88642
Некрасовка,ЮВАО,112860,0.85,70338,27537.84,24942.06,73584.72,23407,21201,86570,131178
Нижегородский,ЮВАО,50637,0.85,70338,12355.428,11190.777,33015.324,10502,9512,38842,58856
Новогиреево,ВАО,99348,0.9,74475,24240.912,21955.908,64774.896,21817,19760,71972,113549
Новокосино,ВАО,107461,0.9,74475,26220.484,23748.881,70064.572,23598,21374,77850,122822
Ново-Переделкино[Прим1. 1],ЗАО,122058,1.2,99300,29782.152,26974.818,79581.816,35739,32370,66318,134427
Обручевский,ЮЗАО,87258,1.08,89370,21290.952,19284.018,56892.216,22994,20827,52678,96499
Орехово-Борисово Северное,ЮАО,124886,0.88,72820,30472.184,27599.806,81425.672,26816,24288,92529,143633
Орехово-Борисово Южное,ЮАО,146959,0.88,72820,35857.996,32477.939,95817.268,31555,28581,108883,169019
Останкинский,СВАО,64840,0.95,78612,15820.96,14329.64,42275.68,15030,13613,44501,73144
Отрадное,СВАО,187737,0.95,78612,45807.828,41489.877,122404.524,43517,39415,128847,211779
Очаково-Матвеевское,ЗАО,126535,1.2,99300,30874.54,27964.235,82500.82,37049,33557,68751,139357
Перово,ВАО,134308,0.9,74475,32771.152,29682.068,87568.816,29494,26714,97299,153507
Печатники,ЮВАО,89544,0.85,70338,21848.736,19789.224000000002,58382.688,18571,16821,68686,104078
Покровское-Стрешнево,СЗАО,67364,1.1,91025,16436.816,14887.444,43921.328,18080,16376,39928,74384
Преображенское,ВАО,87933,0.9,74475,21455.652,19433.193,57332.316,19310,17490,63703,100503
Пресненский,ЦАО,127506,1.35,111713,31111.464,28178.826,83133.912,42000,38041,61581,141622
Проспект Вернадского,ЗАО,65316,1.2,99300,15937.104,14434.836,42586.032,19125,17322,35488,71935
Раменки,ЗАО,151931,1.2,99300,37071.164,33576.751000000004,99059.012,44485,40292,82549,167326
Ростокино,СВАО,52115,0.95,78612,12716.06,11517.415,33978.98,12080,10942,35767,58789
Рязанский,ЮВАО,108657,0.85,70338,26512.308,24013.197,70844.364,22535,20411,83346,126292
Савёловский,САО,60149,1.05,86888,14676.356,13292.929,39217.148,15410,13958,37350,66718
Свиблово,СВАО,60013,0.95,78612,14643.172,13262.873,39128.476,13911,12600,41188,67699
Северное Бутово,ЮЗАО,97516,1.08,89370,23793.904,21551.036,63580.432,25697,23275,58871,107843
Северное Измайлово,ВАО,84957,0.9,74475,20729.507999999998,18775.497,55391.964,18657,16898,61547,97102
Северное Медведково,СВАО,129632,0.95,78612,31630.208,28648.672,84520.064,30049,27216,88968,146233
Северное Тушино,СЗАО,172055,1.1,91025,41981.42,38024.155,112179.86,46180,41827,101982,189989
Северный,СВАО,55740,0.95,78612,13600.56,12318.54,36342.48,12921,11703,38255,62879
Сокол,САО,57677,1.05,86888,14073.188,12746.617,37605.404,14777,13384,35815,63976
Соколиная Гора,ВАО,92805,0.9,74475,22644.42,20509.905,60508.86,20380,18459,67232,106071
Сокольники,ВАО,60396,0.9,74475,14736.624,13347.516,39378.192,13263,12013,43754,69030
Солнцево[Прим1. 1],ЗАО,126309,1.2,99300,30819.396,27914.289,82353.46800000001,36983,33497,68628,139108
Строгино,СЗАО,163074,1.1,91025,39790.056,36039.354,106324.248,43769,39643,96658,180070
Таганский,ЦАО,134759,1.35,111713,32881.195999999996,29781.739,87862.868,44390,40205,65084,149679
Тверской,ЦАО,75735,1.35,111713,18479.34,16737.435,49379.22,24947,22596,36577,84120
Текстильщики,ЮВАО,101550,0.85,70338,24778.2,22442.55,66210.6,21061,19076,77895,118032
Тёплый Стан,ЮЗАО,131899,1.08,89370,32183.356,29149.679,85998.148,34758,31482,79628,145868
Тимирязевский,САО,82774,1.05,86888,20196.856,18293.054,53968.648,21207,19208,51399,91814
Тропарёво-Никулино,ЗАО,128029,1.2,99300,31239.076,28294.409,83474.908,37487,33953,69562,141002
Филёвский Парк,ЗАО,112388,1.2,99300,27422.672,24837.748,73276.97600000001,32907,29805,61064,123776
Фили-Давыдково,ЗАО,111926,1.2,99300,27309.944,24735.646,72975.75200000001,32772,29683,60813,123268
Хамовники,ЦАО,105094,1.35,111713,25642.935999999998,23225.774,68521.288,34618,31355,50757,116730
Ховрино,САО,96233,1.05,86888,23480.852,21267.493,62743.916000000005,24655,22331,59756,106742
Хорошёво-Мнёвники,СЗАО,182497,1.1,91025,44529.268,40331.837,118988.04400000001,48982,44365,108171,201518
Хорошёвский,САО,75533,1.05,86888,18430.052,16692.793,49247.516,19352,17527,46902,83781
Царицыно,ЮАО,119021,0.88,72820,29041.124,26303.641,77601.69200000001,25556,23147,88184,136887
Черёмушки,ЮЗАО,107951,1.08,89370,26340.043999999998,23857.171,70384.052,28447,25766,65170,119383
Чертаново Северное,ЮАО,109640,0.88,72820,26752.16,24230.44,71485.28,23542,21323,81233,126098
Чертаново Центральное,ЮАО,111983,0.88,72820,27323.852,24748.243,73012.916,24045,21778,82969,128792
Чертаново Южное,ЮАО,156092,0.88,72820,38086.448,34496.332,101771.984,33516,30357,115650,179523
Щукино,СЗАО,110486,1.1,91025,26958.584,24417.406,72036.872,29654,26859,65488,122001
Южное Бутово[Прим1. 1],ЮЗАО,211116,1.08,89370,51512.304,46656.636,137647.632,55633,50389,127452,233474
Южное Медведково,СВАО,88150,0.95,78612,21508.6,19481.15,57473.8,20433,18507,60499,99439
Южное Тушино,СЗАО,112628,1.1,91025,27481.232,24890.788,73433.456,30229,27380,66758,124367
Южнопортовый,ЮВАО,73112,0.85,70338,17839.328,16157.752,47669.024000000005,15163,13734,56081,84978
Якиманка,ЦАО,27022,1.35,111713,6593.3679999999995,5971.862,17618.344,8901,8062,13051,30014
Ярославский,СВАО,98861,0.95,78612,24122.084,21848.281,64457.372,22916,20756,67850,111522
Ясенево,ЮЗАО,176505,1.08,89370,43067.22,39007.605,115081.26000000001,46513,42128,106557,195198
